level,gear,circles,scenario,comp,enabled,n,wins,losses,draws,winRate,medianWinRounds,mean_damage,mean_taken,mean_healing,mean_mpSpent,mean_mpDrained,mean_shieldAbsorbed,mean_activations
1500,False,False,boss,gods,False,100,8,92,0,0.08,7.0,277610.48,66178.41,22155.82,452.92,0,1019.12,0
1500,False,False,boss,gods,True,100,8,92,0,0.08,7.0,277043.45,66155.21,22132.62,452.86,0,1019.12,0
1500,False,False,boss,poison,False,100,0,100,0,0.0,,93219.31,52695.02,9175.02,113.66,0,2959.94,0
1500,False,False,boss,poison,True,100,0,100,0,0.0,,93219.31,52822.08,9302.08,113.94,0,2959.94,0.92
1500,False,False,boss,guard,False,100,100,0,0,1.0,8.0,419525,71185.71,63192.26,558.71,0,37367.54,0
1500,False,False,boss,guard,True,100,100,0,0,1.0,8.0,419525,68315.81,62408.76,556.99,0,39954,6.27
1500,False,False,boss,finishers,False,100,100,0,0,1.0,5.0,419525,27075.72,3728.51,487.52,0,32908.62,0
1500,False,False,boss,finishers,True,100,100,0,0,1.0,5.0,419525,26890.96,3578.92,485.72,0,32747.99,3.52
1500,False,False,boss,mixed,False,100,85,15,0,0.85,9,402018.08,60572.51,34802.84,684.83,19.16,34387.98,0
1500,False,False,boss,mixed,True,100,85,15,0,0.85,9,402322.63,60300.93,34426.43,680.1,19.16,33970.65,5.51
1500,False,False,boss,unpaired,False,100,0,100,0,0.0,,240895.39,116420.57,31731.57,917.28,0,32089.51,0
1500,False,False,boss,unpaired,True,100,0,100,0,0.0,,240895.39,116420.57,31731.57,917.28,0,32089.51,0
1500,False,False,burst,gods,False,100,35,65,0,0.35,1,41830.34,52348.73,10154.45,97,45.14,4059.7,0
1500,False,False,burst,gods,True,100,34,66,0,0.34,1.0,40796.72,52258.26,9962.63,95.2,45.14,3977.91,0
1500,False,False,burst,poison,False,100,0,100,0,0.0,,11183.7,46994.89,3474.89,17.92,0,654.01,0
1500,False,False,burst,poison,True,100,0,100,0,0.0,,11183.7,47444.13,3924.13,17.92,0,654.01,0.47
1500,False,False,burst,guard,False,100,84,16,0,0.84,2.0,108157.68,93037.68,56092.96,172.93,0,10871.12,0
1500,False,False,burst,guard,True,100,89,11,0,0.89,2,110968.32,89884.31,55059.18,172.77,0,14641.95,3.22
1500,False,False,burst,finishers,False,100,100,0,0,1.0,1.0,103626.68,2920.53,0,122.33,0,9648.82,0
1500,False,False,burst,finishers,True,100,100,0,0,1.0,1.0,103626.68,2920.53,0,122.33,0,9648.82,0.01
1500,False,False,burst,mixed,False,100,70,30,0,0.7,3.0,94547.2,58241.7,16739.12,210.43,0,19954.85,0
1500,False,False,burst,mixed,True,100,71,29,0,0.71,3,95421.99,58119.95,16739.12,209.55,0,19864.98,1.29
1500,False,False,burst,unpaired,False,100,6,94,0,0.06,5.5,60403.53,103774.48,20170.75,298.97,0,15242,0
1500,False,False,burst,unpaired,True,100,6,94,0,0.06,5.5,60403.53,103774.48,20170.75,298.97,0,15242,0
1500,False,False,debuff,gods,False,100,2,98,0,0.02,1.5,56848.04,47267.34,2029.96,121.18,0,6361,0
1500,False,False,debuff,gods,True,100,3,97,0,0.03,2,58046.86,47191.19,2040.07,122.86,0,6361,0
1500,False,False,debuff,poison,False,100,0,100,0,0.0,,46390.82,46521.96,3001.96,33.04,0,648.44,0
1500,False,False,debuff,poison,True,100,0,100,0,0.0,,46962.01,46786.04,3266.04,33.18,0,603.72,1.52
1500,False,False,debuff,guard,False,100,3,97,0,0.03,5,84651.14,114727.92,26106.94,77.59,0,3037.14,0
1500,False,False,debuff,guard,True,100,4,96,0,0.04,5.0,89505.32,114885.16,26639.19,82.24,0,6995.54,1.07
1500,False,False,debuff,finishers,False,100,100,0,0,1.0,2.0,174487.97,4897.62,0,163.6,0,5411.97,0
1500,False,False,debuff,finishers,True,100,100,0,0,1.0,2.0,174487.97,4897.62,0,160.77,0,5411.97,0.83
1500,False,False,debuff,mixed,False,100,71,29,0,0.71,3,165172.99,50245.02,19075.48,267.98,7.46,11736.2,0
1500,False,False,debuff,mixed,True,100,73,27,0,0.73,3,166294.14,49251.45,18576.77,264.07,7.46,11262.45,1.47
1500,False,False,debuff,unpaired,False,100,5,95,0,0.05,7,113474.28,84781.21,1391.62,378.26,0,15511.32,0
1500,False,False,debuff,unpaired,True,100,5,95,0,0.05,7,113371.56,84772.58,1382.99,377.92,0,15511.32,0
1500,False,False,general,gods,False,100,100,0,0,1.0,2.0,325496,3521.46,2463.01,408.38,0,3565.95,0
1500,False,False,general,gods,True,100,100,0,0,1.0,2.0,325496,3518.31,2471.43,407.92,0,3558,0
1500,False,False,general,poison,False,100,100,0,0,1.0,5.0,325496,13387.46,12173.03,282.91,0,2069.08,0
1500,False,False,general,poison,True,100,100,0,0,1.0,5.0,325496,13387.46,12437.62,283.07,0,2069.08,6.27
1500,False,False,general,guard,False,100,100,0,0,1.0,5.0,325496,5669.55,5661.93,359.18,0,5679.03,0
1500,False,False,general,guard,True,100,100,0,0,1.0,5.0,325496,5669.55,5661.93,359.18,0,5679.03,4.05
1500,False,False,general,finishers,False,100,100,0,0,1.0,3.0,325496,64.86,0,291.72,0,3424.65,0
1500,False,False,general,finishers,True,100,100,0,0,1.0,3.0,325496,64.86,0,288.08,0,3424.65,1.42
1500,False,False,general,mixed,False,100,100,0,0,1.0,5.0,325496,3483.38,3212.3,376.82,0,8564.51,0
1500,False,False,general,mixed,True,100,100,0,0,1.0,5.0,325496,3410.51,3188.89,376.6,0,8504.78,2.06
1500,False,False,general,unpaired,False,100,100,0,0,1.0,10.0,325496,5307.01,0,1081.68,0,18327.76,0
1500,False,False,general,unpaired,True,100,100,0,0,1.0,10.0,325496,5307.01,0,1081.68,0,18327.76,0
1500,False,False,healing,gods,False,100,14,86,0,0.14,1.0,44029.16,44903.95,1960.02,92.7,12.56,487.42,0
1500,False,False,healing,gods,True,100,15,85,0,0.15,1,44735.74,44824.74,1960.02,92.82,12.56,487.42,0
1500,False,False,healing,poison,False,100,3,97,0,0.03,2,31691.99,53903.38,11558.27,52.29,0,1795.5,0
1500,False,False,healing,poison,True,100,3,97,0,0.03,2,31900.03,53989.1,11669.22,52.51,0,1795.5,0.69
1500,False,False,healing,guard,False,100,100,0,0,1.0,2.0,129282.56,52330.4,36914.71,152.47,0,6592.88,0
1500,False,False,healing,guard,True,100,100,0,0,1.0,2.0,129282.56,51623.43,37583.3,152.65,0,7301.99,2.91
1500,False,False,healing,finishers,False,100,100,0,0,1.0,1.0,108837.44,6131.27,0,128.03,0,8519.61,0
1500,False,False,healing,finishers,True,100,100,0,0,1.0,1.0,108837.44,6131.27,0,128.03,0,8519.61,0.77
1500,False,False,healing,mixed,False,100,100,0,0,1.0,2.0,112630.45,38881.68,15187.68,182.17,0,10603.43,0
1500,False,False,healing,mixed,True,100,100,0,0,1.0,2.0,112265.58,38733.4,15063.27,177.63,0,10150.88,1
1500,False,False,healing,unpaired,False,100,92,8,0,0.92,4.0,123973.26,52238.06,11611.79,494.49,0,15243.33,0
1500,False,False,healing,unpaired,True,100,92,8,0,0.92,4.0,123973.26,52238.06,11611.79,494.49,0,15243.33,0
1500,False,False,shield,gods,False,100,97,3,0,0.97,1,197720.47,14220.09,2352.57,274.12,2.99,6180.1,0
1500,False,False,shield,gods,True,100,100,0,0,1.0,1.0,197728.62,12213.85,2453.48,280.04,2.99,6180.1,0
1500,False,False,shield,poison,False,100,4,96,0,0.04,10.5,112475.3,44555.13,1576.03,136.31,0,3898.61,0
1500,False,False,shield,poison,True,100,1,99,0,0.01,12,111230.74,45033.29,1576.03,127.24,0,3830.79,2.17
1500,False,False,shield,guard,False,100,78,0,22,0.78,7.0,227447.9,75354.85,71031.48,717.57,0,93935.63,0
1500,False,False,shield,guard,True,100,58,1,41,0.58,7.0,235516.12,93361.6,86966.98,943.23,0,149909.96,14.42
1500,False,False,shield,finishers,False,100,100,0,0,1.0,2.0,204803.36,14653.68,0,186.56,0,14874.4,0
1500,False,False,shield,finishers,True,100,100,0,0,1.0,2.0,204825.02,14653.68,0,185.02,0,14874.4,1.14
1500,False,False,shield,mixed,False,100,95,5,0,0.95,3,202416.01,47338.08,16040.74,317.68,0,22001.25,0
1500,False,False,shield,mixed,True,100,98,2,0,0.98,4.0,205752.6,49929.4,18595.04,332.3,0,23950.13,2.33
1500,False,False,shield,unpaired,False,100,0,100,0,0.0,,93780.35,101914.24,17225.24,414.7,0,28314.24,0
1500,False,False,shield,unpaired,True,100,0,100,0,0.0,,93507.76,101675.7,16986.7,412.73,0,28314.24,0
1500,False,True,boss,gods,False,20,2,18,0,0.1,6.0,309003.45,58935.3,15971.75,477.4,0,10069.45,0
1500,False,True,boss,gods,True,20,2,18,0,0.1,6.0,305229.05,58804.35,15840.8,477.1,0,10069.45,0
1500,False,True,boss,poison,False,20,0,20,0,0.0,,137475.2,52557.05,9037.05,133.45,0,10123.2,0
1500,False,True,boss,poison,True,20,0,20,0,0.0,,137475.2,52679.2,9159.2,133.45,0,10123.2,1.35
1500,False,True,boss,guard,False,20,20,0,0,1.0,6.0,419525,49458.2,40954.1,418,0,33591.35,0
1500,False,True,boss,guard,True,20,20,0,0,1.0,6.0,419525,48661.9,40312.95,417.75,0,34387.65,4.05
1500,False,True,boss,finishers,False,20,20,0,0,1.0,4.0,419525,10042.95,0,363.1,0,20159.9,0
1500,False,True,boss,finishers,True,20,20,0,0,1.0,4.0,419525,10042.95,0,363.1,0,20159.9,2.95
1500,False,True,boss,mixed,False,20,20,0,0,1.0,6.0,419525,36842.5,21552.35,550,0,25187.95,0
1500,False,True,boss,mixed,True,20,20,0,0,1.0,6.0,419525,36842.5,21552.35,550,0,25187.95,4.1
1500,False,True,boss,unpaired,False,20,2,18,0,0.1,11.5,348671.1,115706.85,33827.9,1028.45,0,42496.9,0
1500,False,True,boss,unpaired,True,20,2,18,0,0.1,11.5,348671.1,115706.85,33827.9,1028.45,0,42496.9,0
1500,True,False,boss,gods,False,20,19,1,0,0.95,9,500428.3,83705.65,61256.2,817.7,0,10581.65,0
1500,True,False,boss,gods,True,20,19,1,0,0.95,9,500428.3,83705.65,61256.2,817.7,0,10581.65,0
1500,True,False,boss,poison,False,20,0,20,0,0.0,,285542.3,110268.45,53612.45,283.55,0,6323.1,0
1500,True,False,boss,poison,True,20,1,19,0,0.05,7,293340.05,110900.3,55294.45,288.75,0,6529.3,4.9
1500,True,False,boss,guard,False,20,20,0,0,1.0,8.0,501625,80908.45,76931.75,611.55,0,47658.95,0
1500,True,False,boss,guard,True,20,20,0,0,1.0,8.0,501625,78474.05,74241.8,611.35,0,50093.35,6.6
1500,True,False,boss,finishers,False,20,20,0,0,1.0,5.0,501625,30524.7,14164.05,525.25,0,40370.6,0
1500,True,False,boss,finishers,True,20,20,0,0,1.0,5.0,501625,29857.1,14164.05,518.9,0,39888.8,4.4
1500,True,False,boss,mixed,False,20,20,0,0,1.0,9.0,501625,61669.5,43403.25,726.45,63.1,35559.45,0
1500,True,False,boss,mixed,True,20,20,0,0,1.0,9.0,501625,60735.1,43033.9,714.65,63.1,34490.45,5.95
1500,True,False,boss,unpaired,False,20,4,16,0,0.2,15.0,356248.95,191709.95,106331.1,1409.25,0,51221.7,0
1500,True,False,boss,unpaired,True,20,4,16,0,0.2,15.0,356248.95,191709.95,106331.1,1409.25,0,51221.7,0
1500,True,True,boss,gods,False,20,16,4,0,0.8,7.0,491318.9,77230.95,47309.15,697.7,145,15664.1,0
1500,True,True,boss,gods,True,20,16,4,0,0.8,7.0,491318.9,77230.95,47309.15,697.7,145,15664.1,0
1500,True,True,boss,poison,False,20,3,17,0,0.15,6,349062.3,101451.9,49717.25,289.8,0,14326.5,0
1500,True,True,boss,poison,True,20,4,16,0,0.2,6.0,368096.85,107729,60104.1,312.25,0,14507.8,5.8
1500,True,True,boss,guard,False,20,20,0,0,1.0,6.0,501625,59567.45,46605.35,437.5,0,43624,0
1500,True,True,boss,guard,True,20,20,0,0,1.0,6.0,501625,58155.85,47246.6,437.5,0,45035.6,4.65
1500,True,True,boss,finishers,False,20,20,0,0,1.0,4.0,501625,14320.95,971.95,403.55,0,25740.65,0
1500,True,True,boss,finishers,True,20,20,0,0,1.0,4.0,501625,14320.95,971.95,403.55,0,25740.65,3.1
1500,True,True,boss,mixed,False,20,20,0,0,1.0,6.5,501625,39530.85,29024.9,574.7,63.1,28181.3,0
1500,True,True,boss,mixed,True,20,20,0,0,1.0,6.5,501625,39530.85,29024.9,573.1,63.1,28181.3,4.05
1500,True,True,boss,unpaired,False,20,17,3,0,0.85,12,482376.55,141189.35,85551.9,1264.45,0,54075.8,0
1500,True,True,boss,unpaired,True,20,17,3,0,0.85,12,482376.55,141189.35,85551.9,1264.45,0,54075.8,0
3000,False,False,boss,gods,False,20,1,19,0,0.05,7,422760.3,102814.6,33722.2,460.5,0,1878,0
3000,False,False,boss,gods,True,20,1,19,0,0.05,7,422760.3,102814.6,33722.2,460.5,0,1878,0
3000,False,False,boss,poison,False,20,0,20,0,0.0,,158217.65,82293.4,14470.4,111.15,0,4873.15,0
3000,False,False,boss,poison,True,20,0,20,0,0.0,,158217.65,82849.75,15026.75,112.55,0,4873.15,1.2
3000,False,False,boss,guard,False,20,20,0,0,1.0,8.0,653800,114377.25,100411.4,565.4,0,56359.65,0
3000,False,False,boss,guard,True,20,20,0,0,1.0,8.0,653800,108835.4,97354.45,561.25,0,60305.2,6.35
3000,False,False,boss,finishers,False,20,20,0,0,1.0,5.0,653800,41778.4,4717,482.5,0,50794,0
3000,False,False,boss,finishers,True,20,20,0,0,1.0,5.0,653800,41778.4,4717,479.5,0,50794,3.65
3000,False,False,boss,mixed,False,20,16,4,0,0.8,9.0,615252.05,97308.3,51400.3,701.4,62.7,55133.45,0
3000,False,False,boss,mixed,True,20,16,4,0,0.8,9.0,615252.05,95898.85,49312.15,689.55,62.7,53336.05,5.6
3000,False,False,boss,unpaired,False,20,0,20,0,0.0,,384871.25,184595.3,52598.3,975,0,53042.65,0
3000,False,False,boss,unpaired,True,20,0,20,0,0.0,,384871.25,184595.3,52598.3,975,0,53042.65,0
3000,False,True,boss,gods,False,20,2,18,0,0.1,6.0,475931.8,91688.05,24696.3,477.1,0,15707.5,0
3000,False,True,boss,gods,True,20,2,18,0,0.1,6.0,475931.8,91688.05,24696.3,477.1,0,15707.5,0
3000,False,True,boss,poison,False,20,0,20,0,0.0,,213574.4,82115.85,14292.85,134.15,0,15783.65,0
3000,False,True,boss,poison,True,20,0,20,0,0.0,,213574.4,82306.35,14483.35,134.15,0,15783.65,1.35
3000,False,True,boss,guard,False,20,20,0,0,1.0,6.0,653800,76946.35,63721.5,418,0,52381.9,0
3000,False,True,boss,guard,True,20,20,0,0,1.0,6.0,653800,75704.4,62720.75,417.75,0,53623.85,4.05
3000,False,True,boss,finishers,False,20,20,0,0,1.0,4.0,653800,15631.7,0,363.1,0,31412.1,0
3000,False,True,boss,finishers,True,20,20,0,0,1.0,4.0,653800,15631.7,0,363.1,0,31412.1,2.95
3000,False,True,boss,mixed,False,20,20,0,0,1.0,6.0,653800,57375.15,33566.95,550,0,39257.25,0
3000,False,True,boss,mixed,True,20,20,0,0,1.0,6.0,653800,57375.15,33566.95,550,0,39257.25,4.1
3000,False,True,boss,unpaired,False,20,2,18,0,0.1,11.5,552155.1,180842.05,53236.4,1058.95,0,65651.4,0
3000,False,True,boss,unpaired,True,20,2,18,0,0.1,11.5,552155.1,180842.05,53236.4,1058.95,0,65651.4,0
3000,True,False,boss,gods,False,20,2,18,0,0.1,8.5,556952.25,129966.55,48127.85,513.5,0,2573.05,0
3000,True,False,boss,gods,True,20,2,18,0,0.1,8.5,556952.25,129966.55,48127.85,513.5,0,2573.05,0
3000,True,False,boss,poison,False,20,0,20,0,0.0,,414617.05,164402.9,79123.9,270.1,0,9684.65,0
3000,True,False,boss,poison,True,20,1,19,0,0.05,7,440487.9,163105.65,79343.05,267.1,0,8867.1,4.95
3000,True,False,boss,guard,False,20,20,0,0,1.0,8.0,762900,125881.3,118074.5,602.75,0,69266.1,0
3000,True,False,boss,guard,True,20,20,0,0,1.0,8.0,762900,119334.6,112990.1,594.25,0,72462.2,6.6
3000,True,False,boss,finishers,False,20,20,0,0,1.0,5.0,762900,46840.8,20956.35,520.35,0,61607.3,0
3000,True,False,boss,finishers,True,20,20,0,0,1.0,5.0,762900,45812.15,19291.15,512.6,0,60871.5,4.45
3000,True,False,boss,mixed,False,20,19,1,0,0.95,9,761722.8,103782.4,71154.05,746,93.9,57005.55,0
3000,True,False,boss,mixed,True,20,19,1,0,0.95,9,761722.8,101752.05,68678.65,734.2,93.9,54649.7,6.05
3000,True,False,boss,unpaired,False,20,4,16,0,0.2,15.0,536865.45,293567.75,158834.1,1387.15,0,76779.3,0
3000,True,False,boss,unpaired,True,20,4,16,0,0.2,15.0,536865.45,293567.75,158834.1,1387.15,0,76779.3,0
3000,True,True,boss,gods,False,20,6,14,0,0.3,6.0,596254.85,118007.95,38690.15,518.5,0,17141.85,0
3000,True,True,boss,gods,True,20,6,14,0,0.3,6.0,596254.85,118007.95,38690.15,518.5,0,17141.85,0
3000,True,True,boss,poison,False,20,3,17,0,0.15,7,530513.4,157245.85,75880.75,292.95,0,21974.65,0
3000,True,True,boss,poison,True,20,5,15,0,0.25,6,561793.5,160706.55,88938.35,295.95,0,21016.75,5.9
3000,True,True,boss,guard,False,20,20,0,0,1.0,6.0,762900,91087.55,75637.4,435.95,0,66804.15,0
3000,True,True,boss,guard,True,20,20,0,0,1.0,6.0,762900,88284.3,72172.05,435.45,0,68115.7,4.55
3000,True,True,boss,finishers,False,20,20,0,0,1.0,4.0,762900,22124.4,1494.55,402.05,0,39377.65,0
3000,True,True,boss,finishers,True,20,20,0,0,1.0,4.0,762900,22124.4,1494.55,402.05,0,39377.65,2.95
3000,True,True,boss,mixed,False,20,20,0,0,1.0,6.5,762900,62867.4,42308.9,574.05,93.9,42907.95,0
3000,True,True,boss,mixed,True,20,20,0,0,1.0,6.0,762900,62867.4,42308.9,570.95,93.9,42907.95,4.1
3000,True,True,boss,unpaired,False,20,17,3,0,0.85,12,735763.1,214750,125895.2,1226.7,0,79795.65,0
3000,True,True,boss,unpaired,True,20,17,3,0,0.85,12,735763.1,214750,125895.2,1226.7,0,79795.65,0
1500,False,True,burst,gods,False,20,4,16,0,0.2,1.0,41501.6,48036.85,4209.05,103.1,37.3,10643.45,0
1500,False,True,burst,gods,True,20,4,16,0,0.2,1.0,41501.6,48036.85,4209.05,103.1,37.3,10643.45,0
1500,False,True,burst,poison,False,20,0,20,0,0.0,,23977.9,50231.4,6711.4,34.45,0,7380.7,0
1500,False,True,burst,poison,True,20,0,20,0,0.0,,23977.9,50646.5,7126.5,34.45,0,7380.7,0.7
1500,False,True,burst,guard,False,20,20,0,0,1.0,2.0,104559.3,48536.4,31890.5,118.25,0,15458.3,0
1500,False,True,burst,guard,True,20,20,0,0,1.0,2.0,104559.3,46393.8,32678.7,118.15,0,17538.35,2.9
1500,False,True,burst,finishers,False,20,20,0,0,1.0,1.0,103692.85,1913.1,0,94.05,0,10302.15,0
1500,False,True,burst,finishers,True,20,20,0,0,1.0,1.0,103692.85,1913.1,0,94.05,0,10302.15,0
1500,False,True,burst,mixed,False,20,19,1,0,0.95,2,98817.15,44352.7,20134.45,156.8,0,17139.8,0
1500,False,True,burst,mixed,True,20,19,1,0,0.95,2,98817.15,44352.7,19410.05,150.1,0,17098.05,0.95
1500,False,True,burst,unpaired,False,20,16,4,0,0.8,5.0,108360.25,88923.2,16534.65,378.7,0,21810.8,0
1500,False,True,burst,unpaired,True,20,16,4,0,0.8,5.0,108360.25,88923.2,16534.65,378.7,0,21810.8,0
1500,True,False,burst,gods,False,20,14,6,0,0.7,1.0,95011.1,67064.3,18017.25,158.4,67.9,6853.6,0
1500,True,False,burst,gods,True,20,14,6,0,0.7,1.0,95011.1,67064.3,18017.25,158.4,67.9,6853.6,0
1500,True,False,burst,poison,False,20,0,20,0,0.0,,17211.95,68448.35,11792.35,34.45,0,1694.05,0
1500,True,False,burst,poison,True,20,0,20,0,0.0,,17211.95,69036.85,12380.85,34.45,0,1694.05,0.6
1500,True,False,burst,guard,False,20,18,2,0,0.9,3.0,143529.75,106791.2,78852.45,190.4,0,11711.85,0
1500,True,False,burst,guard,True,20,19,1,0,0.95,3,146937.65,101199.6,79356.95,195.1,0,16046.9,3.65
1500,True,False,burst,finishers,False,20,20,0,0,1.0,2.0,136653.1,3117.75,0,153.45,0,11006.6,0
1500,True,False,burst,finishers,True,20,20,0,0,1.0,2.0,136653.1,3117.75,0,153.45,0,11006.6,0.05
1500,True,False,burst,mixed,False,20,14,6,0,0.7,3.0,102411.15,73663.5,36858.75,240.15,0,19690.7,0
1500,True,False,burst,mixed,True,20,14,6,0,0.7,3.0,103191.05,73836,37031.25,237.2,0,19602.45,0.8
1500,True,False,burst,unpaired,False,20,8,12,0,0.4,5.0,92191.8,128087.65,45068.25,381.3,0,17677.45,0
1500,True,False,burst,unpaired,True,20,8,12,0,0.4,5.0,92191.8,128087.65,45068.25,381.3,0,17677.45,0
1500,True,True,burst,gods,False,20,11,9,0,0.55,1,89417.3,59715.4,11555.5,143.4,0,14589.9,0
1500,True,True,burst,gods,True,20,11,9,0,0.55,1,89417.3,59830.85,11555.5,143.4,0,14589.9,0
1500,True,True,burst,poison,False,20,0,20,0,0.0,,35000.7,76056.15,19400.15,47.1,0,10000.3,0
1500,True,True,burst,poison,True,20,0,20,0,0.0,,36809.15,77826.35,21170.35,47.1,0,10000.3,0.75
1500,True,True,burst,guard,False,20,20,0,0,1.0,2.0,133912.95,62414.6,48873.05,132.9,0,19684.95,0
1500,True,True,burst,guard,True,20,20,0,0,1.0,2.0,135509.65,61848.2,48414.95,134.35,0,21861.8,2.55
1500,True,True,burst,finishers,False,20,20,0,0,1.0,1.0,130023.95,2114.3,0,123.1,0,12048.8,0
1500,True,True,burst,finishers,True,20,20,0,0,1.0,1.0,130023.95,2114.3,0,123.1,0,12048.8,0
1500,True,True,burst,mixed,False,20,20,0,0,1.0,2.0,130023.95,40202.05,20155.55,176.1,0,22189.65,0
1500,True,True,burst,mixed,True,20,20,0,0,1.0,2.0,129634,40264.45,19771.5,169.4,0,22189.65,1
1500,True,True,burst,unpaired,False,20,16,4,0,0.8,4.0,123588.85,104844.6,37778.8,409,0,25214.5,0
1500,True,True,burst,unpaired,True,20,16,4,0,0.8,4.0,123588.85,104844.6,37778.8,409,0,25214.5,0
3000,False,False,burst,gods,False,20,7,13,0,0.35,1,63318.8,80262.35,13544.85,88.1,87,5739.75,0
3000,False,False,burst,gods,True,20,7,13,0,0.35,1,63318.8,80262.35,13544.85,88.1,87,5739.75,0
3000,False,False,burst,poison,False,20,0,20,0,0.0,,13177.05,72324.8,4501.8,16.85,0,1234.5,0
3000,False,False,burst,poison,True,20,0,20,0,0.0,,13177.05,72809.4,4986.4,16.85,0,1234.5,0.4
3000,False,False,burst,guard,False,20,18,2,0,0.9,2.0,169566.05,143726.6,91044.75,178.45,0,15223,0
3000,False,False,burst,guard,True,20,18,2,0,0.9,2.0,169566.05,139010.65,89004.4,169.05,0,20770.85,3.05
3000,False,False,burst,finishers,False,20,20,0,0,1.0,1.0,162069.2,4592.05,0,123.05,0,15018.4,0
3000,False,False,burst,finishers,True,20,20,0,0,1.0,1.0,162069.2,4592.05,0,123.05,0,15018.4,0
3000,False,False,burst,mixed,False,20,12,8,0,0.6,3.0,141010.35,97588.85,29184.15,213.05,0,33599.05,0
3000,False,False,burst,mixed,True,20,13,7,0,0.65,3,145968.75,96627.9,29184.15,211.65,0,33144.35,1.25
3000,False,False,burst,unpaired,False,20,1,19,0,0.05,7,94179.35,161393.05,30965.75,300.7,0,23758,0
3000,False,False,burst,unpaired,True,20,1,19,0,0.05,7,94179.35,161393.05,30965.75,300.7,0,23758,0
3000,False,True,burst,gods,False,20,4,16,0,0.2,1.0,64666.6,74865.5,6556.3,103.1,58,16604.45,0
3000,False,True,burst,gods,True,20,4,16,0,0.2,1.0,64666.6,74865.5,6556.3,103.1,58,16604.45,0
3000,False,True,burst,poison,False,20,0,20,0,0.0,,39430.7,78282.35,10459.35,39.55,0,12553.75,0
3000,False,True,burst,poison,True,20,0,20,0,0.0,,39430.7,78929.25,11106.25,39.55,0,12553.75,0.7
3000,False,True,burst,guard,False,20,20,0,0,1.0,2.0,162903.8,75335.4,49676.75,118.25,0,24039.7,0
3000,False,True,burst,guard,True,20,20,0,0,1.0,2.0,162903.8,72022.1,50875.65,118.15,0,27256.2,2.9
3000,False,True,burst,finishers,False,20,20,0,0,1.0,1.0,161553.6,2953.75,0,94.05,0,16006.95,0
3000,False,True,burst,finishers,True,20,20,0,0,1.0,1.0,161553.6,2953.75,0,94.05,0,16006.95,0
3000,False,True,burst,mixed,False,20,20,0,0,1.0,2.0,161038,68759.05,32558.2,159.2,0,26698.75,0
3000,False,True,burst,mixed,True,20,20,0,0,1.0,2.0,161038,68759.05,31435.05,152.5,0,26634.05,1
3000,False,True,burst,unpaired,False,20,16,4,0,0.8,5.0,168828.35,139198.6,26992.4,380.3,0,33992.95,0
3000,False,True,burst,unpaired,True,20,16,4,0,0.8,5.0,168828.35,139198.6,26992.4,380.3,0,33992.95,0
3000,True,False,burst,gods,False,20,14,6,0,0.7,1.0,140882.05,101767.45,27561.75,154.4,98.7,10334.35,0
3000,True,False,burst,gods,True,20,14,6,0,0.7,1.0,140882.05,101767.45,27561.75,154.4,98.7,10334.35,0
3000,True,False,burst,poison,False,20,0,20,0,0.0,,22142.9,97944.85,12665.85,26.55,0,2382.65,0
3000,True,False,burst,poison,True,20,0,20,0,0.0,,22142.9,98832.15,13553.15,26.55,0,2382.65,0.5
3000,True,False,burst,guard,False,20,18,2,0,0.9,3.0,213966.6,161752.35,115760.7,187.15,0,15419.6,0
3000,True,False,burst,guard,True,20,19,1,0,0.95,3,219065.15,152909.55,117832.35,193,0,22376.5,3.2
3000,True,False,burst,finishers,False,20,20,0,0,1.0,2.0,206644.7,4745.7,0,153.55,0,16782.75,0
3000,True,False,burst,finishers,True,20,20,0,0,1.0,2.0,206644.7,4745.7,0,153.55,0,16782.75,0.05
3000,True,False,burst,mixed,False,20,19,1,0,0.95,3,199054.95,89912.65,55710.45,284.4,0,30476.75,0
3000,True,False,burst,mixed,True,20,19,1,0,0.95,3,200243.25,90175.9,55973.7,281.45,0,30341.6,1.05
3000,True,False,burst,unpaired,False,20,6,14,0,0.3,4.0,131051.75,201189.75,68862.4,356.65,0,26899,0
3000,True,False,burst,unpaired,True,20,6,14,0,0.3,4.0,131051.75,201189.75,68862.4,356.65,0,26899,0
3000,True,True,burst,gods,False,20,11,9,0,0.55,1,133160.75,90372,17680.95,141.9,0,22161.5,0
3000,True,True,burst,gods,True,20,11,9,0,0.55,1,133160.75,90372,17680.95,141.9,0,22161.5,0
3000,True,True,burst,poison,False,20,0,20,0,0.0,,55211.35,114832.2,29553.2,48.6,0,15103.9,0
3000,True,True,burst,poison,True,20,0,20,0,0.0,,56253.55,116456.85,31177.85,48.6,0,15103.9,0.7
3000,True,True,burst,guard,False,20,20,0,0,1.0,2.0,201640.15,91187.3,71985.45,124.25,0,28563.15,0
3000,True,True,burst,guard,True,20,20,0,0,1.0,2.0,204861.6,95379.75,76258.6,131.85,0,33347.85,2.65
3000,True,True,burst,finishers,False,20,20,0,0,1.0,1.0,196544.15,3214.7,0,121.5,0,18373.05,0
3000,True,True,burst,finishers,True,20,20,0,0,1.0,1.0,196544.15,3214.7,0,121.5,0,18373.05,0
3000,True,True,burst,mixed,False,20,20,0,0,1.0,2.0,196544.15,62070.65,31948.2,174.8,0,33641.15,0
3000,True,True,burst,mixed,True,20,20,0,0,1.0,2.0,195950,62188.25,31364.9,168.1,0,33641.15,1
3000,True,True,burst,unpaired,False,20,16,4,0,0.8,4.0,186458.7,158472,57096.05,406.45,0,38498,0
3000,True,True,burst,unpaired,True,20,16,4,0,0.8,4.0,186458.7,158472,57096.05,406.45,0,38498,0
1500,False,True,debuff,gods,False,20,3,17,0,0.15,2,76424.4,48082.35,4999.4,148.3,0,13178,0
1500,False,True,debuff,gods,True,20,4,16,0,0.2,1.5,82332.8,47100.05,4847.8,150.4,0,13178,0
1500,False,True,debuff,poison,False,20,0,20,0,0.0,,78691.8,46005.15,2485.15,41.95,0,7142.75,0
1500,False,True,debuff,poison,True,20,0,20,0,0.0,,78419.7,46305.9,2785.9,41.95,0,7142.75,1.85
1500,False,True,debuff,guard,False,20,5,15,0,0.25,4,135737.95,109840.1,28452.8,121.35,0,17817.5,0
1500,False,True,debuff,guard,True,20,6,14,0,0.3,4.0,145418.6,109471.45,30272.2,122.3,0,21017.45,1.45
1500,False,True,debuff,finishers,False,20,20,0,0,1.0,2.0,174759.95,51.3,0,153.15,0,3066.3,0
1500,False,True,debuff,finishers,True,20,20,0,0,1.0,2.0,174759.95,51.3,0,153.25,0,3066.3,0.85
1500,False,True,debuff,mixed,False,20,17,3,0,0.85,2,175205.25,42306.05,20280.7,231.55,18.65,12823.5,0
1500,False,True,debuff,mixed,True,20,17,3,0,0.85,2,175852.75,42363.4,19755.25,228.45,18.65,12644.05,0.85
1500,False,True,debuff,unpaired,False,20,18,2,0,0.9,5.0,168886.6,46289,1012.7,426.1,0,18631.95,0
1500,False,True,debuff,unpaired,True,20,18,2,0,0.9,5.0,168886.6,46289,1012.7,426.1,0,18631.95,0
1500,True,False,debuff,gods,False,20,8,12,0,0.4,2.0,144689.25,58810.6,6323.75,202.8,102.15,9401.45,0
1500,True,False,debuff,gods,True,20,8,12,0,0.4,2.0,144689.25,58810.6,6323.75,202.8,102.15,9401.45,0
1500,True,False,debuff,poison,False,20,0,20,0,0.0,,62112.3,60904,4248,35.8,0,414.15,0
1500,True,False,debuff,poison,True,20,0,20,0,0.0,,61665.05,61198,4542,35.85,0,552.2,1.45
1500,True,False,debuff,guard,False,20,1,19,0,0.05,5,116816.6,146132.4,45951.8,92.05,0,3271.7,0
1500,True,False,debuff,guard,True,20,1,19,0,0.05,5,122205.15,147676.7,47496.1,101.45,0,8565.4,1.1
1500,True,False,debuff,finishers,False,20,20,0,0,1.0,2.0,226624,18378.35,0,182.55,0,10738.5,0
1500,True,False,debuff,finishers,True,20,20,0,0,1.0,2.0,226624,18378.35,0,182.55,0,10738.5,0.9
1500,True,False,debuff,mixed,False,20,13,7,0,0.65,3,209146.55,74419.65,39261.15,332.6,105.15,18176.55,0
1500,True,False,debuff,mixed,True,20,13,7,0,0.65,3,211592.15,74670.4,39114.75,332.6,105.15,18065.4,1.35
1500,True,False,debuff,unpaired,False,20,0,20,0,0.0,,106535.1,118587.6,20762.6,276.1,0,17806.25,0
1500,True,False,debuff,unpaired,True,20,0,20,0,0.0,,104671.25,117862.5,20037.5,268.55,0,17606,0
1500,True,True,debuff,gods,False,20,13,7,0,0.65,2,178066.7,48886.6,8550.25,213.7,81.7,17314.4,0
1500,True,True,debuff,gods,True,20,13,7,0,0.65,2,178066.7,48886.6,8550.25,213.7,81.7,17314.4,0
1500,True,True,debuff,poison,False,20,0,20,0,0.0,,95539.25,60443.3,3787.3,45.85,0,9361.9,0
1500,True,True,debuff,poison,True,20,0,20,0,0.0,,96388,60862.2,4206.2,45.85,0,9361.9,1.9
1500,True,True,debuff,guard,False,20,4,16,0,0.2,5.0,199043.9,146251.5,54059.5,133,0,18375.95,0
1500,True,True,debuff,guard,True,20,4,16,0,0.2,5.0,200045.05,143342.35,50900.7,135.5,0,23017.55,1.4
1500,True,True,debuff,finishers,False,20,20,0,0,1.0,2.0,227501,13448.55,0,161,0,8452.2,0
1500,True,True,debuff,finishers,True,20,20,0,0,1.0,2.0,227501,13448.55,0,159.45,0,8452.2,0.4
1500,True,True,debuff,mixed,False,20,15,5,0,0.75,2,219703.1,58156.1,28800.5,276.15,71.2,17504.75,0
1500,True,True,debuff,mixed,True,20,15,5,0,0.75,2,220431.3,58156.1,28529.55,271.05,71.2,17411.55,0.65
1500,True,True,debuff,unpaired,False,20,8,12,0,0.4,7.0,191828.45,85142.15,5069.1,464.25,0,26726.25,0
1500,True,True,debuff,unpaired,True,20,8,12,0,0.4,7.0,191828.45,85142.15,5069.1,464.25,0,26726.25,0
3000,False,False,debuff,gods,False,20,2,18,0,0.1,2.0,113677.55,73546.1,4024.1,137.6,0,9921,0
3000,False,False,debuff,gods,True,20,2,18,0,0.1,2.0,113677.55,73546.1,4024.1,137.6,0,9921,0
3000,False,False,debuff,poison,False,20,0,20,0,0.0,,73780.9,72908.5,5085.5,33.6,0,1046.1,0
3000,False,False,debuff,poison,True,20,0,20,0,0.0,,75417.2,73218.3,5395.3,33.7,0,871.75,1.4
3000,False,False,debuff,guard,False,20,0,20,0,0.0,,137748.85,181908.8,42111.8,81.65,0,4793.15,0
3000,False,False,debuff,guard,True,20,1,19,0,0.05,5,144033.15,180275.1,43025.55,85.3,0,11629.35,1.1
3000,False,False,debuff,finishers,False,20,20,0,0,1.0,2.0,272351.75,6033.65,0,164.2,0,7372.3,0
3000,False,False,debuff,finishers,True,20,20,0,0,1.0,2.0,272351.75,6033.65,0,164.2,0,7372.3,0.95
3000,False,False,debuff,mixed,False,20,15,5,0,0.75,3,274854.5,77165.8,32830.95,275.7,58,20276.6,0
3000,False,False,debuff,mixed,True,20,16,4,0,0.8,3.0,271670.75,73266.55,31172.2,264.25,58,18195.2,1.6
3000,False,False,debuff,unpaired,False,20,1,19,0,0.05,8,175533.15,133222.3,2580.7,380.1,0,24259.3,0
3000,False,False,debuff,unpaired,True,20,1,19,0,0.05,8,175533.15,133222.3,2580.7,380.1,0,24259.3,0
3000,False,True,debuff,gods,False,20,4,16,0,0.2,1.5,128350.35,73533,7666.75,150.4,0,20556,0
3000,False,True,debuff,gods,True,20,4,16,0,0.2,1.5,128350.35,73533,7666.75,150.4,0,20556,0
3000,False,True,debuff,poison,False,20,0,20,0,0.0,,122638.35,71695.95,3872.95,41.95,0,11137,0
3000,False,True,debuff,poison,True,20,0,20,0,0.0,,122212.1,72164.35,4341.35,41.95,0,11137,1.85
3000,False,True,debuff,guard,False,20,6,14,0,0.3,4.0,212939.3,170176.15,45045.25,122.6,0,27783.2,0
3000,False,True,debuff,guard,True,20,6,14,0,0.3,4.0,226629.05,170648.95,47165,122.3,0,32759.6,1.45
3000,False,True,debuff,finishers,False,20,20,0,0,1.0,2.0,272351.75,78,0,153.15,0,4776.1,0
3000,False,True,debuff,finishers,True,20,20,0,0,1.0,2.0,272351.75,78,0,153.25,0,4776.1,0.85
3000,False,True,debuff,mixed,False,20,19,1,0,0.95,2,282878.75,62348.3,31736.3,241.25,29,20327.25,0
3000,False,True,debuff,mixed,True,20,19,1,0,0.95,2,283887,62437.85,30917.65,238.15,29,20047.95,0.85
3000,False,True,debuff,unpaired,False,20,18,2,0,0.9,5.0,263192.25,72108.3,1576.1,426.1,0,29037.55,0
3000,False,True,debuff,unpaired,True,20,18,2,0,0.9,5.0,263192.25,72108.3,1576.1,426.1,0,29037.55,0
3000,True,False,debuff,gods,False,20,8,12,0,0.4,2.0,217080.05,86945.9,7674.95,197,99,13571.1,0
3000,True,False,debuff,gods,True,20,8,12,0,0.4,2.0,217080.05,86945.9,7674.95,197,99,13571.1,0
3000,True,False,debuff,poison,False,20,0,20,0,0.0,,94240.75,91674,6395,35.8,0,627.75,0
3000,True,False,debuff,poison,True,20,0,20,0,0.0,,94456.3,92113.95,6834.95,35.8,0,627.75,1.45
3000,True,False,debuff,guard,False,20,1,19,0,0.05,5,178490.4,223378.2,70065.15,92.05,0,5007.5,0
3000,True,False,debuff,guard,True,20,2,18,0,0.1,5.0,188446.65,221535.95,71700.55,98.1,0,12513.85,1.15
3000,True,False,debuff,finishers,False,20,20,0,0,1.0,2.0,343165.2,28697.6,0,183.2,0,16110.75,0
3000,True,False,debuff,finishers,True,20,20,0,0,1.0,2.0,343165.2,28697.6,0,183.2,0,16110.75,0.65
3000,True,False,debuff,mixed,False,20,13,7,0,0.65,3,302695.05,107271.45,53303.35,316.8,151.75,25639,0
3000,True,False,debuff,mixed,True,20,13,7,0,0.65,3,307094.75,108468.35,53742.15,316.75,151.75,26094.65,1.3
3000,True,False,debuff,unpaired,False,20,0,20,0,0.0,,172603.2,165417.55,15964.55,333.8,0,26899,0
3000,True,False,debuff,unpaired,True,20,0,20,0,0.0,,172603.2,165229.7,15776.7,333.8,0,26899,0
3000,True,True,debuff,gods,False,20,12,8,0,0.6,1.5,258157.95,74483.25,10573.75,200.8,60.1,25445.95,0
3000,True,True,debuff,gods,True,20,12,8,0,0.6,1.5,258157.95,74483.25,10573.75,200.8,60.1,25445.95,0
3000,True,True,debuff,poison,False,20,0,20,0,0.0,,145246.45,90977.95,5698.95,45.7,0,14155.5,0
3000,True,True,debuff,poison,True,20,0,20,0,0.0,,146837.15,91603.4,6324.4,44.95,0,13961.5,1.9
3000,True,True,debuff,guard,False,20,6,14,0,0.3,5.0,298184.45,219271.95,83766.25,139.75,0,28460,0
3000,True,True,debuff,guard,True,20,5,15,0,0.25,5,305226.2,218372.15,79479.9,137.55,0,35309.55,1.5
3000,True,True,debuff,finishers,False,20,20,0,0,1.0,2.0,343759.1,7399.95,0,155.6,0,8029.8,0
3000,True,True,debuff,finishers,True,20,20,0,0,1.0,2.0,343759.1,7399.95,0,155.6,0,8029.8,0.7
3000,True,True,debuff,mixed,False,20,15,5,0,0.75,2,331848,91895.55,48187.3,282.8,151.75,26192.7,0
3000,True,True,debuff,mixed,True,20,15,5,0,0.75,2,332934,91895.55,47793.2,277.7,151.75,26050.5,0.65
3000,True,True,debuff,unpaired,False,20,9,11,0,0.45,7,294071.2,130580.75,6410.45,467.5,0,40938,0
3000,True,True,debuff,unpaired,True,20,9,11,0,0.45,7,294071.2,130580.75,6410.45,467.5,0,40938,0
1500,False,True,general,gods,False,20,20,0,0,1.0,2.0,325496,2089.15,1309.6,328.7,0,2839.75,0
1500,False,True,general,gods,True,20,20,0,0,1.0,2.0,325496,2006.35,1226.8,324.6,0,2828.45,0
1500,False,True,general,poison,False,20,20,0,0,1.0,4.0,325496,6868.15,5448.5,225.95,0,3704.4,0
1500,False,True,general,poison,True,20,20,0,0,1.0,4.0,325496,6868.15,5689.7,225.95,0,3704.4,4.2
1500,False,True,general,guard,False,20,20,0,0,1.0,4.0,325496,4420.7,4420.7,290,0,4033.75,0
1500,False,True,general,guard,True,20,20,0,0,1.0,4.0,325496,4256.35,4256.35,290,0,4198.1,2.45
1500,False,True,general,finishers,False,20,20,0,0,1.0,2.0,325496,66.45,0,213.55,0,3206,0
1500,False,True,general,finishers,True,20,20,0,0,1.0,2.0,325496,66.45,0,211.95,0,3206,1.7
1500,False,True,general,mixed,False,20,20,0,0,1.0,3.0,325496,1912.95,1255.3,311.3,0,5515.6,0
1500,False,True,general,mixed,True,20,20,0,0,1.0,3.0,325496,1892.5,1234.85,301.2,0,5114.65,2
1500,False,True,general,unpaired,False,20,20,0,0,1.0,7.0,325496,2880.8,0,809.65,0,13558.65,0
1500,False,True,general,unpaired,True,20,20,0,0,1.0,7.0,325496,2880.8,0,809.65,0,13558.65,0
1500,True,False,general,gods,False,20,20,0,0,1.0,3.0,430584,4859.95,4082.2,462.4,0,5533.6,0
1500,True,False,general,gods,True,20,20,0,0,1.0,3.0,430584,4859.95,4082.2,462.4,0,5533.6,0
1500,True,False,general,poison,False,20,20,0,0,1.0,6.5,430584,25906.7,22769,336.05,0,4609.15,0
1500,True,False,general,poison,True,20,20,0,0,1.0,6.5,430584,25906.7,23090.1,336.05,0,4609.15,6.45
1500,True,False,general,guard,False,20,20,0,0,1.0,6.0,430584,8190.45,8190.45,435.7,0,7754.95,0
1500,True,False,general,guard,True,20,20,0,0,1.0,6.0,430584,8190.45,8190.45,435.7,0,7754.95,4.4
1500,True,False,general,finishers,False,20,20,0,0,1.0,3.0,430584,211,0,329.9,0,5369.4,0
1500,True,False,general,finishers,True,20,20,0,0,1.0,3.0,430584,211,0,326.5,0,5369.4,2.95
1500,True,False,general,mixed,False,20,20,0,0,1.0,5.0,430584,4382.3,4087.1,380.2,0,12533.2,0
1500,True,False,general,mixed,True,20,20,0,0,1.0,5.0,430584,4288.55,4087.1,378.65,0,12442.3,2.55
1500,True,False,general,unpaired,False,20,20,0,0,1.0,12.0,430584,23098.7,1367.8,1373.25,0,25168.1,0
1500,True,False,general,unpaired,True,20,20,0,0,1.0,12.0,430584,23098.7,1367.8,1373.25,0,25168.1,0
1500,True,True,general,gods,False,20,20,0,0,1.0,2.0,430584,2463.15,1495.8,337.9,0,3727.4,0
1500,True,True,general,gods,True,20,20,0,0,1.0,2.0,430584,2463.15,1495.8,337.9,0,3727.4,0
1500,True,True,general,poison,False,20,20,0,0,1.0,5.0,430584,11048,9737.25,252.8,0,5776.4,0
1500,True,True,general,poison,True,20,20,0,0,1.0,5.0,430584,11137.45,10105.2,252,0,5776.4,5.1
1500,True,True,general,guard,False,20,20,0,0,1.0,4.0,430584,5792.1,5792.1,329.75,0,8123.05,0
1500,True,True,general,guard,True,20,20,0,0,1.0,4.0,430584,5792.1,5792.1,329.75,0,8123.05,3.45
1500,True,True,general,finishers,False,20,20,0,0,1.0,2.0,430584,181,0,218.95,0,5047.8,0
1500,True,True,general,finishers,True,20,20,0,0,1.0,2.0,430584,181,0,217.55,0,5047.8,2.05
1500,True,True,general,mixed,False,20,20,0,0,1.0,3.0,430584,2430,1933.75,301.6,0,8264.15,0
1500,True,True,general,mixed,True,20,20,0,0,1.0,3.0,430584,2370.75,1739.95,295.8,0,8079.6,2
1500,True,True,general,unpaired,False,20,20,0,0,1.0,9.0,430584,6925.9,0,1023.8,0,23445.8,0
1500,True,True,general,unpaired,True,20,20,0,0,1.0,9.0,430584,6925.9,0,1023.8,0,23445.8,0
3000,False,False,general,gods,False,20,20,0,0,1.0,2.0,507368,5696,4339.75,414.3,0,5712.75,0
3000,False,False,general,gods,True,20,20,0,0,1.0,2.0,507368,5696,4339.75,414.3,0,5712.75,0
3000,False,False,general,poison,False,20,20,0,0,1.0,5.0,507368,22227.1,19427.4,283.4,0,3845.7,0
3000,False,False,general,poison,True,20,20,0,0,1.0,5.0,507368,22227.1,19924.75,284.2,0,3845.7,6.35
3000,False,False,general,guard,False,20,20,0,0,1.0,5.0,507368,8591.65,8591.65,358.75,0,8693.05,0
3000,False,False,general,guard,True,20,20,0,0,1.0,5.0,507368,8591.65,8591.65,358.75,0,8693.05,3.9
3000,False,False,general,finishers,False,20,20,0,0,1.0,3.0,507368,115.85,0,294.3,0,5607.95,0
3000,False,False,general,finishers,True,20,20,0,0,1.0,3.0,507368,115.85,0,288.3,0,5607.95,1.65
3000,False,False,general,mixed,False,20,20,0,0,1.0,5.0,507368,6080.8,5421.9,377.4,0,13486.5,0
3000,False,False,general,mixed,True,20,20,0,0,1.0,5.0,507368,5783.1,5339.45,377.6,0,13592.4,2.1
3000,False,False,general,unpaired,False,20,20,0,0,1.0,10.0,507368,7889.55,0,1128.8,0,29210.85,0
3000,False,False,general,unpaired,True,20,20,0,0,1.0,10.0,507368,7889.55,0,1128.8,0,29210.85,0
3000,False,True,general,gods,False,20,20,0,0,1.0,2.0,507368,3117.1,1907.6,324.6,0,4405.5,0
3000,False,True,general,gods,True,20,20,0,0,1.0,2.0,507368,3117.1,1907.6,324.6,0,4405.5,0
3000,False,True,general,poison,False,20,20,0,0,1.0,4.0,507368,10688.3,8478.75,225.95,0,5766.9,0
3000,False,True,general,poison,True,20,20,0,0,1.0,4.0,507368,10688.3,8854.25,225.95,0,5766.9,4.2
3000,False,True,general,guard,False,20,20,0,0,1.0,4.0,507368,6868.5,6868.5,290,0,6330.75,0
3000,False,True,general,guard,True,20,20,0,0,1.0,4.0,507368,6612.45,6612.45,290,0,6586.8,2.55
3000,False,True,general,finishers,False,20,20,0,0,1.0,2.0,507368,101.65,0,213.55,0,4986.2,0
3000,False,True,general,finishers,True,20,20,0,0,1.0,2.0,507368,101.65,0,211.95,0,4986.2,1.7
3000,False,True,general,mixed,False,20,20,0,0,1.0,3.0,507368,2976.85,1952.55,311.3,0,8582.3,0
3000,False,True,general,mixed,True,20,20,0,0,1.0,3.0,507368,2944.95,1920.65,301.2,0,7958.35,2
3000,False,True,general,unpaired,False,20,20,0,0,1.0,7.0,507368,4464.4,0,809.65,0,21103.95,0
3000,False,True,general,unpaired,True,20,20,0,0,1.0,7.0,507368,4464.4,0,809.65,0,21103.95,0
3000,True,False,general,gods,False,20,20,0,0,1.0,3.0,647016,7531.55,6273.35,464.7,0,8323.95,0
3000,True,False,general,gods,True,20,20,0,0,1.0,3.0,647016,7531.55,6273.35,464.7,0,8323.95,0
3000,True,False,general,poison,False,20,20,0,0,1.0,6.0,647016,37752.05,32763.45,338.65,0,7228.45,0
3000,True,False,general,poison,True,20,20,0,0,1.0,6.0,647016,37752.05,33161.65,338.65,0,7228.45,5.85
3000,True,False,general,guard,False,20,20,0,0,1.0,6.0,647016,12042.25,12042.25,423.35,0,10959.75,0
3000,True,False,general,guard,True,20,20,0,0,1.0,6.0,647016,12042.25,12042.25,423.35,0,10959.75,4.2
3000,True,False,general,finishers,False,20,20,0,0,1.0,3.0,647016,325.6,0,326.55,0,8211.7,0
3000,True,False,general,finishers,True,20,20,0,0,1.0,3.0,647016,325.6,0,326.55,0,8211.7,2.6
3000,True,False,general,mixed,False,20,20,0,0,1.0,5.0,647016,6290,5941.95,380.3,0,18333.75,0
3000,True,False,general,mixed,True,20,20,0,0,1.0,5.0,647016,6290,5941.95,380.3,0,18333.75,2.4
3000,True,False,general,unpaired,False,20,20,0,0,1.0,12.0,647016,30559.55,0,1361.6,0,40778.05,0
3000,True,False,general,unpaired,True,20,20,0,0,1.0,12.0,647016,30559.55,0,1361.6,0,40778.05,0
3000,True,True,general,gods,False,20,20,0,0,1.0,2.0,647016,3726.05,2239.7,342.2,0,5802.8,0
3000,True,True,general,gods,True,20,20,0,0,1.0,2.0,647016,3726.05,2239.7,342.2,0,5802.8,0
3000,True,True,general,poison,False,20,20,0,0,1.0,5.0,647016,17812.55,15925.75,253.1,0,7379.55,0
3000,True,True,general,poison,True,20,20,0,0,1.0,5.0,647016,17952.35,16512.5,252.3,0,7379.55,5
3000,True,True,general,guard,False,20,20,0,0,1.0,4.0,647016,7526.4,7526.4,326.45,0,11597.95,0
3000,True,True,general,guard,True,20,20,0,0,1.0,4.0,647016,7526.4,7526.4,326.45,0,11597.95,3.25
3000,True,True,general,finishers,False,20,20,0,0,1.0,2.0,647016,249.4,0,217.8,0,7740.95,0
3000,True,True,general,finishers,True,20,20,0,0,1.0,2.0,647016,249.4,0,216.25,0,7544.8,2.05
3000,True,True,general,mixed,False,20,20,0,0,1.0,3.0,647016,3581.45,2951.95,293.2,0,11823.25,0
3000,True,True,general,mixed,True,20,20,0,0,1.0,3.0,647016,3394.95,2644.15,287.4,0,11581.95,2
3000,True,True,general,unpaired,False,20,20,0,0,1.0,8.0,647016,7948.25,0,923.75,0,35421.2,0
3000,True,True,general,unpaired,True,20,20,0,0,1.0,8.0,647016,7948.25,0,923.75,0,35421.2,0
1500,False,True,healing,gods,False,20,2,18,0,0.1,1.0,54856.25,44503.25,1289.5,114.8,0,9728.65,0
1500,False,True,healing,gods,True,20,3,17,0,0.15,1,57689.95,43627.8,1277,113.9,0,9728.65,0
1500,False,True,healing,poison,False,20,3,17,0,0.15,2,64504.85,52758.05,13660.05,72.3,0,8751.85,0
1500,False,True,healing,poison,True,20,3,17,0,0.15,2,65633.5,52827.55,13510.35,73.75,0,8751.85,0.9
1500,False,True,healing,guard,False,20,20,0,0,1.0,2.0,108067.75,37031.4,14647.5,116.1,0,17350.85,0
1500,False,True,healing,guard,True,20,20,0,0,1.0,2.0,108067.75,36784.15,16169.7,116.1,0,17598.1,1.45
1500,False,True,healing,finishers,False,20,20,0,0,1.0,1.0,103956,3719.5,0,95.75,0,10454.45,0
1500,False,True,healing,finishers,True,20,20,0,0,1.0,1.0,103956,3719.5,0,95.75,0,10454.45,0.2
1500,False,True,healing,mixed,False,20,20,0,0,1.0,2.0,113873.1,28796.6,6351.9,149.85,0,13698.05,0
1500,False,True,healing,mixed,True,20,20,0,0,1.0,2.0,113873.1,28796.6,6351.9,149.85,0,13698.05,1
1500,False,True,healing,unpaired,False,20,20,0,0,1.0,4.0,128175.85,50099.55,15036.45,410.1,0,21707.65,0
1500,False,True,healing,unpaired,True,20,20,0,0,1.0,4.0,128175.85,50099.55,15036.45,410.1,0,21707.65,0
1500,True,False,healing,gods,False,20,18,2,0,0.9,1.0,118327,48531.3,17092,167.7,0,2588.55,0
1500,True,False,healing,gods,True,20,18,2,0,0.9,1.0,118327,48531.3,17092,167.7,0,2588.55,0
1500,True,False,healing,poison,False,20,9,11,0,0.45,3,120380.45,79973.1,42188.15,130.4,0,1556,0
1500,True,False,healing,poison,True,20,6,14,0,0.3,3.0,114321.45,84062.05,37787.4,118.1,0,1694.05,2.5
1500,True,False,healing,guard,False,20,20,0,0,1.0,2.0,160754.4,59601.35,45133.9,157.75,0,9095.65,0
1500,True,False,healing,guard,True,20,20,0,0,1.0,2.0,160754.4,59504.2,46765.05,157.75,0,9192.8,3.15
1500,True,False,healing,finishers,False,20,20,0,0,1.0,2.0,129485.75,5414.05,0,139.95,0,9569.1,0
1500,True,False,healing,finishers,True,20,20,0,0,1.0,2.0,129485.75,5414.05,0,139.95,0,9569.1,0.05
1500,True,False,healing,mixed,False,20,20,0,0,1.0,2.0,133835.15,42140.75,21221.35,194,0,12789.15,0
1500,True,False,healing,mixed,True,20,20,0,0,1.0,2.0,133835.15,42140.75,21221.35,191.1,0,12789.15,1
1500,True,False,healing,unpaired,False,20,19,1,0,0.95,5,147526.75,97669.25,54367.25,595.55,0,19178.6,0
1500,True,False,healing,unpaired,True,20,19,1,0,0.95,5,147526.75,97669.25,54367.25,595.55,0,19178.6,0
1500,True,True,healing,gods,False,20,16,4,0,0.8,1.0,116596.65,40456.1,7859.6,131,0,12848.05,0
1500,True,True,healing,gods,True,20,16,4,0,0.8,1.0,116596.65,40456.1,7859.6,131,0,12848.05,0
1500,True,True,healing,poison,False,20,19,1,0,0.95,2,138277.65,49900.6,31789.65,120.85,0,10022.2,0
1500,True,True,healing,poison,True,20,19,1,0,0.95,2,138021.75,49871.45,31409.55,120.5,0,10022.2,1.95
1500,True,True,healing,guard,False,20,20,0,0,1.0,2.0,128510.45,37707.65,15764.8,117.05,0,19109.9,0
1500,True,True,healing,guard,True,20,20,0,0,1.0,2.0,128510.45,37707.65,17512.85,117.05,0,19109.9,1.4
1500,True,True,healing,finishers,False,20,20,0,0,1.0,1.0,123660,3227.15,0,94.1,0,11485.4,0
1500,True,True,healing,finishers,True,20,20,0,0,1.0,1.0,123660,3227.15,0,94.1,0,11485.4,0.7
1500,True,True,healing,mixed,False,20,20,0,0,1.0,2.0,133452.25,27457.15,3755.05,165.05,0,16898.45,0
1500,True,True,healing,mixed,True,20,20,0,0,1.0,2.0,133452.25,27457.15,3755.05,165.05,0,16898.45,1
1500,True,True,healing,unpaired,False,20,20,0,0,1.0,4.0,157627.2,71722,49861.1,496.15,0,26196.05,0
1500,True,True,healing,unpaired,True,20,20,0,0,1.0,4.0,157627.2,71722,49861.1,496.15,0,26196.05,0
3000,False,False,healing,gods,False,20,2,18,0,0.1,1.0,65085.5,69873.8,1850.8,88.5,29,609.95,0
3000,False,False,healing,gods,True,20,2,18,0,0.1,1.0,65085.5,69873.8,1850.8,88.5,29,609.95,0
3000,False,False,healing,poison,False,20,1,19,0,0.05,3,50146.25,81019.8,16466.9,54.85,0,3168.25,0
3000,False,False,healing,poison,True,20,1,19,0,0.05,3,50064.35,81073.9,16536.45,54.85,0,3168.25,0.7
3000,False,False,healing,guard,False,20,20,0,0,1.0,2.0,208047.6,84879.25,58308.35,159.9,0,11261.35,0
3000,False,False,healing,guard,True,20,20,0,0,1.0,2.0,208047.6,84256.55,59304.15,159.75,0,11840.85,2.85
3000,False,False,healing,finishers,False,20,20,0,0,1.0,1.0,169535.2,9390.3,0,129.7,0,12981.15,0
3000,False,False,healing,finishers,True,20,20,0,0,1.0,1.0,169535.2,9390.3,0,129.7,0,12981.15,0.7
3000,False,False,healing,mixed,False,20,20,0,0,1.0,2.0,176549.55,57761.35,21910.35,186.75,0,16153.75,0
3000,False,False,healing,mixed,True,20,20,0,0,1.0,2.0,176423.6,57761.35,21126.3,182.45,0,15953.65,1
3000,False,False,healing,unpaired,False,20,18,2,0,0.9,4.5,194292.65,90396.1,19450.9,509.6,0,23795.75,0
3000,False,False,healing,unpaired,True,20,18,2,0,0.9,4.5,194292.65,90396.1,19450.9,509.6,0,23795.75,0
3000,False,True,healing,gods,False,20,3,17,0,0.15,1,89914.3,67995.9,1991.1,113.9,0,15175.85,0
3000,False,True,healing,gods,True,20,3,17,0,0.15,1,89914.3,67995.9,1991.1,113.9,0,15175.85,0
3000,False,True,healing,poison,False,20,3,17,0,0.15,2,100569.9,82165.15,21251.55,72.3,0,13646.25,0
3000,False,True,healing,poison,True,20,3,17,0,0.15,2,102329.8,82273.35,21021.45,73.75,0,13646.25,0.9
3000,False,True,healing,guard,False,20,20,0,0,1.0,2.0,168441.8,57304.95,21790.3,116,0,27012.85,0
3000,False,True,healing,guard,True,20,20,0,0,1.0,2.0,168441.8,57134.15,24172.5,116,0,27183.65,1.4
3000,False,True,healing,finishers,False,20,20,0,0,1.0,1.0,162033,5729.95,0,95.75,0,16261.8,0
3000,False,True,healing,finishers,True,20,20,0,0,1.0,1.0,162033,5729.95,0,95.75,0,16261.8,0.2
3000,False,True,healing,mixed,False,20,20,0,0,1.0,2.0,177492.3,44968.55,10123.2,150.05,0,21445.15,0
3000,False,True,healing,mixed,True,20,20,0,0,1.0,2.0,177492.3,44968.55,10123.2,148.55,0,21445.15,1
3000,False,True,healing,unpaired,False,20,20,0,0,1.0,4.0,199788.35,77553.9,23437.7,410.1,0,33828.85,0
3000,False,True,healing,unpaired,True,20,20,0,0,1.0,4.0,199788.35,77553.9,23437.7,410.1,0,33828.85,0
3000,True,False,healing,gods,False,20,15,5,0,0.75,1,161908,75465.15,10282.45,132.1,0,2351.75,0
3000,True,False,healing,gods,True,20,15,5,0,0.75,1,161908,75465.15,10282.45,132.1,0,2351.75,0
3000,True,False,healing,poison,False,20,10,10,0,0.5,3.0,183344.35,121206.15,65206.2,130.6,0,2148.55,0
3000,True,False,healing,poison,True,20,5,15,0,0.25,3,169931.4,125835.95,54938.45,115.7,0,2357.8,2.4
3000,True,False,healing,guard,False,20,20,0,0,1.0,2.0,244651.5,91986.25,71917.15,164.8,0,13854.3,0
3000,True,False,healing,guard,True,20,20,0,0,1.0,2.0,244651.5,91705.2,74162.45,164.8,0,14135.35,3.1
3000,True,False,healing,finishers,False,20,20,0,0,1.0,2.0,197811.8,8503.3,0,140.1,0,14557.8,0
3000,True,False,healing,finishers,True,20,20,0,0,1.0,2.0,197811.8,8503.3,0,140.1,0,14557.8,0
3000,True,False,healing,mixed,False,20,20,0,0,1.0,2.0,203947.8,64649.15,35497,198.9,0,19568.25,0
3000,True,False,healing,mixed,True,20,20,0,0,1.0,2.0,203947.8,64649.15,35493.6,196,0,19568.25,1
3000,True,False,healing,unpaired,False,20,19,1,0,0.95,5,224059.45,150120.6,83298.45,588.1,0,28045.3,0
3000,True,False,healing,unpaired,True,20,19,1,0,0.95,5,224059.45,150120.6,83298.45,588.1,0,28045.3,0
3000,True,True,healing,gods,False,20,15,5,0,0.75,1,175633.15,63548.15,7928.1,127.9,0,18363.25,0
3000,True,True,healing,gods,True,20,15,5,0,0.75,1,175633.15,63548.15,7928.1,127.9,0,18363.25,0
3000,True,True,healing,poison,False,20,18,2,0,0.9,2.0,205466.35,79084.1,46459.3,120.1,0,15378.85,0
3000,True,True,healing,poison,True,20,18,2,0,0.9,2.5,205178.75,78313.8,43863.2,120.2,0,15378.85,1.8
3000,True,True,healing,guard,False,20,20,0,0,1.0,2.0,195607.55,58193.1,23356,117.15,0,29355.65,0
3000,True,True,healing,guard,True,20,20,0,0,1.0,2.0,195607.55,58193.1,26032.5,117.15,0,29355.65,1.35
3000,True,True,healing,finishers,False,20,20,0,0,1.0,1.0,188217,5081.4,0,94.1,0,17632,0
3000,True,True,healing,finishers,True,20,20,0,0,1.0,1.0,188217,5081.4,0,94.1,0,17632,0.7
3000,True,True,healing,mixed,False,20,20,0,0,1.0,2.0,203052.85,42377.2,5873.05,165.05,0,25601.45,0
3000,True,True,healing,mixed,True,20,20,0,0,1.0,2.0,203052.85,42377.2,5873.05,165.05,0,25601.45,1
3000,True,True,healing,unpaired,False,20,20,0,0,1.0,4.0,240131.4,102621.95,75387.9,473.95,0,39659.4,0
3000,True,True,healing,unpaired,True,20,20,0,0,1.0,4.0,240131.4,102621.95,75387.9,473.95,0,39659.4,0
1500,False,True,shield,gods,False,20,20,0,0,1.0,1.0,195604.35,8338.5,0,214.8,0,7770.9,0
1500,False,True,shield,gods,True,20,20,0,0,1.0,1.0,195604.35,8236.35,0,217.1,0,7669.1,0
1500,False,True,shield,poison,False,20,6,14,0,0.3,6.0,157069.9,42016,5518.15,170.5,0,10001.95,0
1500,False,True,shield,poison,True,20,6,14,0,0.3,6.5,159168.45,42024.4,5518.15,172.85,0,9921.3,2.35
1500,False,True,shield,guard,False,20,20,0,0,1.0,3.0,207064.75,26955.4,23819.35,219.25,0,29677.25,0
1500,False,True,shield,guard,True,20,20,0,0,1.0,3.0,207840.4,27902.35,25000.75,247.55,0,32681.2,2.55
1500,False,True,shield,finishers,False,20,20,0,0,1.0,2.0,209579.5,334.4,0,171.35,0,1051.95,0
1500,False,True,shield,finishers,True,20,20,0,0,1.0,2.0,209579.5,334.4,0,171.35,0,1051.95,0.5
1500,False,True,shield,mixed,False,20,20,0,0,1.0,2.0,193291.4,24124.25,895.15,213.5,0,12381.9,0
1500,False,True,shield,mixed,True,20,20,0,0,1.0,2.0,197963.3,24347.9,858.6,207,0,12240.05,1
1500,False,True,shield,unpaired,False,20,0,20,0,0.0,,83995.6,105261.3,20572.3,442.2,0,23016.9,0
1500,False,True,shield,unpaired,True,20,0,20,0,0.0,,84928.7,104806.1,20117.1,440.95,0,23016.9,0
1500,True,False,shield,gods,False,20,20,0,0,1.0,1.0,227443.6,17717.85,6181.9,288,30.25,8095.65,0
1500,True,False,shield,gods,True,20,20,0,0,1.0,1.0,227956.2,13358.5,6181.9,295.3,30.25,8095.65,0
1500,True,False,shield,poison,False,20,3,17,0,0.15,8,142217.2,68189.45,14794.15,180.65,0,6627.45,0
1500,True,False,shield,poison,True,20,2,18,0,0.1,10.0,138484.7,70151,14980.85,165.6,0,6545.1,2.7
1500,True,False,shield,guard,False,20,16,0,4,0.8,7.0,284053.6,76435.05,75864.75,1099.3,0,113434.05,0
1500,True,False,shield,guard,True,20,11,0,9,0.55,7,277274.45,152543,150575.9,1398.6,0,202994.9,18.2
1500,True,False,shield,finishers,False,20,20,0,0,1.0,2.0,236172.45,13804.95,0,187.4,0,16439.65,0
1500,True,False,shield,finishers,True,20,20,0,0,1.0,2.0,236172.45,13804.95,0,185.85,0,16439.65,1.3
1500,True,False,shield,mixed,False,20,20,0,0,1.0,3.0,223889.15,51210.3,32718.55,354.65,0,26153.85,0
1500,True,False,shield,mixed,True,20,20,0,0,1.0,3.0,227167.95,55515.85,31619.9,357.95,0,29003.95,2.25
1500,True,False,shield,unpaired,False,20,2,18,0,0.1,8.0,131578.4,133141.1,44960.45,529.25,0,32686.25,0
1500,True,False,shield,unpaired,True,20,0,20,0,0.0,,114119.1,136959.2,39134.2,498.15,0,32472.55,0
1500,True,True,shield,gods,False,20,20,0,0,1.0,1.0,212776.3,6807.45,0,155.5,0,8883.8,0
1500,True,True,shield,gods,True,20,20,0,0,1.0,1.0,223235.65,7554.8,1105.9,213.5,0,9140.3,0
1500,True,True,shield,poison,False,20,9,11,0,0.45,4,192625.05,59764.65,17755.3,159.55,0,11238.55,0
1500,True,True,shield,poison,True,20,9,11,0,0.45,4,192289.65,60092.95,18902.5,162,0,11651.55,2.35
1500,True,True,shield,guard,False,20,20,0,0,1.0,3.0,236520.5,32916.35,30364.2,254.95,0,38453.3,0
1500,True,True,shield,guard,True,20,20,0,0,1.0,3.0,239458.4,32516.9,29542.3,260.8,0,39724.3,3.1
1500,True,True,shield,finishers,False,20,20,0,0,1.0,2.0,240617.8,520.15,0,176.5,0,1242.25,0
1500,True,True,shield,finishers,True,20,20,0,0,1.0,2.0,240617.8,520.15,0,175.1,0,1242.25,0.4
1500,True,True,shield,mixed,False,20,20,0,0,1.0,2.0,223337.65,24382.85,8097.05,241.4,0,15801.05,0
1500,True,True,shield,mixed,True,20,20,0,0,1.0,2.0,226787.5,25429,8097.05,234.9,0,16292.95,1
1500,True,True,shield,unpaired,False,20,0,20,0,0.0,,104307.5,143301.75,45476.75,549.95,0,27442.1,0
1500,True,True,shield,unpaired,True,20,0,20,0,0.0,,104022.5,143301.75,45476.75,549.9,0,27442.1,0
3000,False,False,shield,gods,False,20,20,0,0,1.0,1.0,310884.2,24503.2,5637.7,290.7,25.3,9819.35,0
3000,False,False,shield,gods,True,20,20,0,0,1.0,1.0,310842.45,21411.1,5682.9,301.1,25.3,9819.35,0
3000,False,False,shield,poison,False,20,1,19,0,0.05,13,159825.95,68814.4,2199.35,132,0,6867.75,0
3000,False,False,shield,poison,True,20,0,20,0,0.0,,155821.05,70022.35,2199.35,117.3,0,6792.15,2
3000,False,False,shield,guard,False,20,16,0,4,0.8,7.0,366173.75,107863.35,105488.6,825.9,0,130130.65,0
3000,False,False,shield,guard,True,20,9,0,11,0.45,5,368153.9,156389.7,141929.8,1190.9,0,275883.15,14.9
3000,False,False,shield,finishers,False,20,20,0,0,1.0,2.0,320303.9,22788.55,0,187,0,23381,0
3000,False,False,shield,finishers,True,20,20,0,0,1.0,2.0,320303.9,22788.55,0,185.45,0,23381,1.05
3000,False,False,shield,mixed,False,20,19,1,0,0.95,3,316079.55,70450.5,25908,346.7,0,31958.75,0
3000,False,False,shield,mixed,True,20,20,0,0,1.0,3.0,316493.85,71449.6,27387.4,329.4,0,34354.7,2.3
3000,False,False,shield,unpaired,False,20,0,20,0,0.0,,145147.4,158910.85,26913.85,417.15,0,43820.1,0
3000,False,False,shield,unpaired,True,20,0,20,0,0.0,,143245.55,158903.1,26906.1,412.05,0,43820.1,0
3000,False,True,shield,gods,False,20,20,0,0,1.0,1.0,305149.55,12810.3,0,217.1,0,11944.65,0
3000,False,True,shield,gods,True,20,20,0,0,1.0,1.0,305149.55,12810.3,0,217.1,0,11944.65,0
3000,False,True,shield,poison,False,20,6,14,0,0.3,6.0,244166.9,65451.6,8595.75,169.55,0,15591.7,0
3000,False,True,shield,poison,True,20,6,14,0,0.3,6.5,247619.55,65464.9,8595.75,172.75,0,15466.25,2.35
3000,False,True,shield,guard,False,20,20,0,0,1.0,3.0,321893.85,51272.7,46387.85,256.2,0,55693.8,0
3000,False,True,shield,guard,True,20,20,0,0,1.0,3.0,319383.85,46361.75,40271.95,244.35,0,53200.3,3.05
3000,False,True,shield,finishers,False,20,20,0,0,1.0,2.0,326950.5,517.65,0,171.35,0,1638,0
3000,False,True,shield,finishers,True,20,20,0,0,1.0,2.0,326950.5,517.65,0,171.35,0,1638,0.5
3000,False,True,shield,mixed,False,20,20,0,0,1.0,2.0,301539.2,37476.7,1390.8,213.5,0,19299.95,0
3000,False,True,shield,mixed,True,20,20,0,0,1.0,2.0,308828,37822.75,1334.35,207,0,19079.5,1
3000,False,True,shield,unpaired,False,20,0,20,0,0.0,,130946.85,164058.3,32061.3,442.2,0,35873.8,0
3000,False,True,shield,unpaired,True,20,0,20,0,0.0,,132401.4,163350.65,31353.65,440.95,0,35873.8,0
3000,True,False,shield,gods,False,20,20,0,0,1.0,1.0,348309.8,27639.7,10406.35,293.4,45.65,12209.55,0
3000,True,False,shield,gods,True,20,20,0,0,1.0,1.0,349094.3,20933.85,9639.65,295.3,45.65,12209.55,0
3000,True,False,shield,poison,False,20,2,18,0,0.1,8.5,207659.3,102734.3,21137.4,166.75,0,9167.65,0
3000,True,False,shield,poison,True,20,3,17,0,0.15,7,212011.25,102482.55,21273.1,159.55,0,9040.75,2.55
3000,True,False,shield,guard,False,20,16,0,4,0.8,7.0,440233.2,117081.2,116660.9,1103.25,0,173973,0
3000,True,False,shield,guard,True,20,11,0,9,0.55,7,423524.25,239855.15,236710.15,1434.1,0,312538.55,17.85
3000,True,False,shield,finishers,False,20,20,0,0,1.0,2.0,361681.9,21458,0,187.4,0,25109.05,0
3000,True,False,shield,finishers,True,20,20,0,0,1.0,2.0,361681.9,21458,0,185.85,0,25109.05,1.3
3000,True,False,shield,mixed,False,20,20,0,0,1.0,3.0,340652.25,77018.65,48586.95,345.55,0,38939.4,0
3000,True,False,shield,mixed,True,20,20,0,0,1.0,3.0,346253.15,80724.15,47170.35,347.65,0,42102.5,2.2
3000,True,False,shield,unpaired,False,20,1,19,0,0.05,8,191638.1,204865.85,62641.85,511.8,0,49722.45,0
3000,True,False,shield,unpaired,True,20,0,20,0,0.0,,173978.55,206842.85,57389.85,491.2,0,49614.45,0
3000,True,True,shield,gods,False,20,20,0,0,1.0,1.0,325836.7,10783.45,0,155.5,0,13488.85,0
3000,True,True,shield,gods,True,20,20,0,0,1.0,1.0,341868.2,11942.25,1726.15,213.5,0,13886.15,0
3000,True,True,shield,poison,False,20,8,12,0,0.4,4.0,287488.65,89520.15,25702.95,156.85,0,16711.95,0
3000,True,True,shield,poison,True,20,8,12,0,0.4,4.0,288348,89913.05,25513.05,157.6,0,17272.55,2.3
3000,True,True,shield,guard,False,20,20,0,0,1.0,3.0,362240.55,50578.45,46588.9,252.65,0,58596.5,0
3000,True,True,shield,guard,True,20,20,0,0,1.0,3.0,366735.1,49966.15,45311.75,259.6,0,60784.1,3.05
3000,True,True,shield,finishers,False,20,20,0,0,1.0,2.0,368492.9,808.55,0,174.55,0,1905.65,0
3000,True,True,shield,finishers,True,20,20,0,0,1.0,2.0,368492.9,808.55,0,173.15,0,1905.65,0.4
3000,True,True,shield,mixed,False,20,20,0,0,1.0,2.0,342013.7,37382.25,14278.95,245.3,0,24016.45,0
3000,True,True,shield,mixed,True,20,20,0,0,1.0,2.0,346710.05,40833.25,14278.95,241.7,0,25725.2,1
3000,True,True,shield,unpaired,False,20,0,20,0,0.0,,162174.7,221885.65,72432.65,550.15,0,41917.9,0
3000,True,True,shield,unpaired,True,20,0,20,0,0.0,,162136.6,221885.65,72432.65,551.7,0,41917.9,0
